jobb,type,rom,navn,del,status,skift_x,skift_y,blokk_maks,kantlikhet,fargeavvik,kommentar
rom002_del1av3,rom,2,cockpit,1/3,godkjent,0.01,0.02,0.14,0.983,7.8,
rom002_del2av3,rom,2,cockpit,2/3,ny,,,,,,
rom002_del3av3,rom,2,cockpit,3/3,ny,,,,,,
rom003,rom,3,klein,1/1,ny,,,,,,
rom004,rom,4,ast1,1/1,ny,,,,,,
rom005,rom,5,ast2,1/1,ny,,,,,,
rom006,rom,6,ast3,1/1,ny,,,,,,
rom007,rom,7,ast4,1/1,ny,,,,,,
rom008,rom,8,ast5,1/1,ny,,,,,,
rom009,rom,9,core,1/1,godkjent,0.73,0.02,0.94,0.779,6.0,
rom010_del1av2,rom,10,tun1,1/2,ny,,,,,,
rom010_del2av2,rom,10,tun1,2/2,ny,,,,,,
rom011,rom,11,mapbase,1/1,ny,,,,,,
obj097_01,objekt,11,mapbase,1/1,ny,,,,,,
rom012,rom,12,coreped,1/1,ny,,,,,,
rom013,rom,13,emboss1,1/1,ny,,,,,,
rom014,rom,14,squares,1/1,ny,,,,,,
obj117_01,objekt,14,squares,1/1,ny,,,,,,
rom015_del1av3,rom,15,canyon,1/3,ny,,,,,,
rom015_del2av3,rom,15,canyon,2/3,ny,,,,,,
rom015_del3av3,rom,15,canyon,3/3,ny,,,,,,
rom016,rom,16,inside,1/1,ny,,,,,,
rom017,rom,17,pig,1/1,ny,,,,,,
obj137_01,objekt,17,pig,1/1,ny,,,,,,
obj141_01,objekt,17,pig,1/1,ny,,,,,,
rom018_del1av2,rom,18,derelict,1/2,ny,,,,,,
rom018_del2av2,rom,18,derelict,2/2,ny,,,,,,
rom019,rom,19,wreck,1/1,ny,,,,,,
rom020,rom,20,grave,1/1,ny,,,,,,
obj160_01,objekt,20,grave,1/1,ny,,,,,,
rom021,rom,21,botramp,1/1,ny,,,,,,
rom022,rom,22,beach,1/1,godkjent,0.17,-0.18,0.4,0.907,8.5,
rom023_del1av6,rom,23,nexus,1/6,ny,,,,,,
rom023_del2av6,rom,23,nexus,2/6,ny,,,,,,
rom023_del3av6,rom,23,nexus,3/6,ny,,,,,,
rom023_del4av6,rom,23,nexus,4/6,ny,,,,,,
rom023_del5av6,rom,23,nexus,5/6,ny,,,,,,
rom023_del6av6,rom,23,nexus,6/6,ny,,,,,,
obj191_01,objekt,23,nexus,1/1,ny,,,,,,
rom024,rom,24,view,1/1,ny,,,,,,
rom025_del1av3,rom,25,airlock,1/3,ny,,,,,,
rom025_del2av3,rom,25,airlock,2/3,ny,,,,,,
rom025_del3av3,rom,25,airlock,3/3,ny,,,,,,
rom026_del1av3,rom,26,cntlroom,1/3,ny,,,,,,
rom026_del2av3,rom,26,cntlroom,2/3,ny,,,,,,
rom026_del3av3,rom,26,cntlroom,3/3,ny,,,,,,
rom027_del1av8,rom,27,powerrm,1/8,ny,,,,,,
rom027_del2av8,rom,27,powerrm,2/8,ny,,,,,,
rom027_del3av8,rom,27,powerrm,3/8,ny,,,,,,
rom027_del4av8,rom,27,powerrm,4/8,ny,,,,,,
rom027_del5av8,rom,27,powerrm,5/8,ny,,,,,,
rom027_del6av8,rom,27,powerrm,6/8,ny,,,,,,
rom027_del7av8,rom,27,powerrm,7/8,ny,,,,,,
rom027_del8av8,rom,27,powerrm,8/8,ny,,,,,,
rom028,rom,28,shardcu,1/1,godkjent,0.14,-0.04,0.6,0.929,9.2,
obj241_01,objekt,28,shardcu,1/1,ny,,,,,,
rom029_del1av2,rom,29,trmmuf,1/2,ny,,,,,,
rom029_del2av2,rom,29,trmmuf,2/2,ny,,,,,,
rom030_del1av2,rom,30,connect,1/2,ny,,,,,,
rom030_del2av2,rom,30,connect,2/2,ny,,,,,,
rom031,rom,31,mudoor,1/1,ny,,,,,,
rom032,rom,32,pool,1/1,ny,,,,,,
rom033_del1av2,rom,33,skeleton,1/2,ny,,,,,,
rom033_del2av2,rom,33,skeleton,2/2,ny,,,,,,
rom034_del1av2,rom,34,museum,1/2,ny,,,,,,
rom034_del2av2,rom,34,museum,2/2,ny,,,,,,
rom035,rom,35,mubridge,1/1,ny,,,,,,
rom036,rom,36,bonepuzz,1/1,ny,,,,,,
rom037,rom,37,trmmapf,1/1,ny,,,,,,
obj317_01,objekt,37,trmmapf,1/1,ny,,,,,,
rom038,rom,38,ledge,1/1,ny,,,,,,
rom039_del1av2,rom,39,batdoor,1/2,ny,,,,,,
rom039_del2av2,rom,39,batdoor,2/2,ny,,,,,,
rom040,rom,40,mapcntl,1/1,ny,,,,,,
rom041,rom,41,falls,1/1,ny,,,,,,
obj343_01,objekt,41,falls,1/1,ny,,,,,,
rom042,rom,42,pit,1/1,ny,,,,,,
rom043,rom,43,fallsour,1/1,ny,,,,,,
obj347_01,objekt,43,fallsour,1/1,ny,,,,,,
rom044_del1av2,rom,44,nest,1/2,ny,,,,,,
rom044_del2av2,rom,44,nest,2/2,ny,,,,,,
obj355_01,objekt,44,nest,1/1,ny,,,,,,
rom045,rom,45,labcu1,1/1,ny,,,,,,
rom046,rom,46,cusarc,1/1,ny,,,,,,
obj886_01,objekt,46,cusarc,1/1,ny,,,,,,
obj886_02,objekt,46,cusarc,1/1,ny,,,,,,
rom047,rom,47,emboss2,1/1,ny,,,,,,
rom048_del1av2,rom,48,mapdome,1/2,ny,,,,,,
rom048_del2av2,rom,48,mapdome,2/2,ny,,,,,,
rom049,rom,49,mapdoor,1/1,ny,,,,,,
rom050,rom,50,cuengrav,1/1,ny,,,,,,
obj884_01,objekt,50,cuengrav,1/1,ny,,,,,,
obj884_02,objekt,50,cuengrav,1/1,ny,,,,,,
obj884_03,objekt,50,cuengrav,1/1,ny,,,,,,
rom051,rom,51,mapbridg,1/1,ny,,,,,,
rom052,rom,52,edge,1/1,ny,,,,,,
rom053,rom,53,trmtombf,1/1,ny,,,,,,
rom054,rom,54,tombbase,1/1,ny,,,,,,
rom055,rom,55,plateau,1/1,ny,,,,,,
rom056,rom,56,sparkle,1/1,ny,,,,,,
rom057,rom,57,backdoor,1/1,ny,,,,,,
rom058,rom,58,tomb,1/1,ny,,,,,,
obj404_01,objekt,58,tomb,1/1,ny,,,,,,
obj405_01,objekt,58,tomb,1/1,ny,,,,,,
obj406_01,objekt,58,tomb,1/1,ny,,,,,,
rom059,rom,59,tombbridg,1/1,ny,,,,,,
rom060,rom,60,trmplanf,1/1,ny,,,,,,
obj841_01,objekt,60,trmplanf,1/1,ny,,,,,,
rom061_del1av2,rom,61,planclear,1/2,ny,,,,,,
rom061_del2av2,rom,61,planclear,2/2,ny,,,,,,
rom062,rom,62,waves,1/1,ny,,,,,,
rom063,rom,63,cave,1/1,ny,,,,,,
rom064,rom,64,crevice,1/1,ny,,,,,,
rom065,rom,65,dome,1/1,ny,,,,,,
obj915_01,objekt,65,dome,1/1,ny,,,,,,
rom066,rom,66,emboss4,1/1,ny,,,,,,
rom067,rom,67,sky,1/1,ny,,,,,,
rom068_del1av2,rom,68,plandoor,1/2,ny,,,,,,
rom068_del2av2,rom,68,plandoor,2/2,ny,,,,,,
rom069,rom,69,planbridg,1/1,ny,,,,,,
rom070,rom,70,trmcathf,1/1,ny,,,,,,
obj844_01,objekt,70,trmcathf,1/1,ny,,,,,,
rom071,rom,71,bonehint,1/1,ny,,,,,,
rom072,rom,72,emboss3,1/1,ny,,,,,,
rom073_del1av2,rom,73,lab,1/2,ny,,,,,,
rom073_del2av2,rom,73,lab,2/2,ny,,,,,,
rom074,rom,74,labpanel,1/1,ny,,,,,,
rom075_del1av2,rom,75,cliff,1/2,ny,,,,,,
rom075_del2av2,rom,75,cliff,2/2,ny,,,,,,
rom076,rom,76,cathbrid,1/1,ny,,,,,,
rom077,rom,77,worldmap,1/1,ny,,,,,,
rom078,rom,78,theeye,1/1,ny,,,,,,
rom079,rom,79,newton,1/1,ny,,,,,,
obj547_01,objekt,79,newton,1/1,ny,,,,,,
rom080_del1av3,rom,80,trmmapn,1/3,ny,,,,,,
rom080_del2av3,rom,80,trmmapn,2/3,ny,,,,,,
rom080_del3av3,rom,80,trmmapn,3/3,ny,,,,,,
obj554_01,objekt,80,trmmapn,1/1,ny,,,,,,
obj983_01,objekt,80,trmmapn,1/1,ny,,,,,,
rom081_del1av3,rom,81,trmcathn,1/3,ny,,,,,,
rom081_del2av3,rom,81,trmcathn,2/3,ny,,,,,,
rom081_del3av3,rom,81,trmcathn,3/3,ny,,,,,,
obj557_01,objekt,81,trmcathn,1/1,ny,,,,,,
rom082,rom,82,lockup,1/1,ny,,,,,,
rom083_del1av3,rom,83,trmtombn,1/3,ny,,,,,,
rom083_del2av3,rom,83,trmtombn,2/3,ny,,,,,,
rom083_del3av3,rom,83,trmtombn,3/3,ny,,,,,,
obj563_01,objekt,83,trmtombn,1/1,ny,,,,,,
rom084,rom,84,turtcu,1/1,ny,,,,,,
rom085,rom,85,planmach,1/1,ny,,,,,,
rom087,rom,87,labcu2,1/1,ny,,,,,,
rom088_del1av9,rom,88,tombot,1/9,ny,,,,,,
rom088_del2av9,rom,88,tombot,2/9,ny,,,,,,
rom088_del3av9,rom,88,tombot,3/9,ny,,,,,,
rom088_del4av9,rom,88,tombot,4/9,ny,,,,,,
rom088_del5av9,rom,88,tombot,5/9,ny,,,,,,
rom088_del6av9,rom,88,tombot,6/9,ny,,,,,,
rom088_del7av9,rom,88,tombot,7/9,ny,,,,,,
rom088_del8av9,rom,88,tombot,8/9,ny,,,,,,
rom088_del9av9,rom,88,tombot,9/9,ny,,,,,,
obj580_01,objekt,88,tombot,1/1,ny,,,,,,
rom089_del1av2,rom,89,sarcoph,1/2,ny,,,,,,
rom089_del2av2,rom,89,sarcoph,2/2,ny,,,,,,
rom090,rom,90,cathplat,1/1,ny,,,,,,
rom091,rom,91,eyehub,1/1,ny,,,,,,
rom092_del1av2,rom,92,library,1/2,ny,,,,,,
rom092_del2av2,rom,92,library,2/2,ny,,,,,,
rom094_del1av3,rom,94,trmplann,1/3,ny,,,,,,
rom094_del2av3,rom,94,trmplann,2/3,ny,,,,,,
rom094_del3av3,rom,94,trmplann,3/3,ny,,,,,,
obj698_01,objekt,94,trmplann,1/1,ny,,,,,,
rom095_del1av3,rom,95,trmmun,1/3,ny,,,,,,
rom095_del2av3,rom,95,trmmun,2/3,ny,,,,,,
rom095_del3av3,rom,95,trmmun,3/3,ny,,,,,,
obj701_01,objekt,95,trmmun,1/1,ny,,,,,,
rom096,rom,96,mulock,1/1,ny,,,,,,
rom097,rom,97,maplock,1/1,ny,,,,,,
rom098,rom,98,planlock,1/1,ny,,,,,,
rom099,rom,99,tomblock,1/1,ny,,,,,,
rom100,rom,100,cntlrmcu,1/1,ny,,,,,,
rom101,rom,101,wavesbot,1/1,ny,,,,,,
rom102,rom,102,cuspark,1/1,ny,,,,,,
rom105_del1av4,rom,105,backint,1/4,ny,,,,,,
rom105_del2av4,rom,105,backint,2/4,ny,,,,,,
rom105_del3av4,rom,105,backint,3/4,ny,,,,,,
rom105_del4av4,rom,105,backint,4/4,ny,,,,,,
rom106,rom,106,title,1/1,ny,,,,,,
rom107,rom,107,powercu,1/1,ny,,,,,,
rom108,rom,108,lockupcu,1/1,ny,,,,,,
rom109,rom,109,labcu,1/1,ny,,,,,,
rom110,rom,110,credits,1/1,ny,,,,,,
rom111,rom,111,labcu3,1/1,ny,,,,,,
