kostyme,farger,rom,palett,kilde,notat
21,rom,8,0,målt,
31,rom,13,0,målt,
74,rom,25,0,målt,
95,rom,30,0,målt,Lyn over havet (kodek 16). Synes når kameraet står til høyre i rommet
119,rom,34,0,målt,
210,rom,78,0,målt,
225,rom,79,2,målt,Sett i mellomsekvensen etter hopp til rom 95. Den jevneste paletten ville vært 0
229,rom,82,1,målt,
238,rom,89,0,målt,
240,rom,91,0,målt,
266,rom,92,0,målt,Kodek 16. Også tegnet i rom 79 med palett 2 i samme mellomsekvens som 225
267,rom,92,0,målt,Bildene i biblioteket (kodek 16). Sett i mellomsekvensen etter hopp til rom 95
278,rom,40,0,målt,
279,rom,40,0,målt,
280,rom,40,0,målt,
281,rom,40,0,målt,
282,rom,96,0,målt,
283,rom,96,0,målt,
284,rom,96,0,målt,
285,rom,96,0,målt,
286,rom,97,0,målt,
287,rom,97,0,målt,
288,rom,97,0,målt,
289,rom,97,0,målt,
290,rom,98,0,målt,
291,rom,98,0,målt,
292,rom,98,0,målt,
293,rom,98,0,målt,
294,rom,99,0,målt,
295,rom,99,0,målt,
296,rom,99,0,målt,
297,rom,99,0,målt,
318,rom,47,0,målt,
320,rom,72,0,målt,
326,rom,66,0,målt,
