rekkefolge,kostyme,figur,hva,rom,romnavn,kodek,ruter,synlige_ruter,retninger,animasjoner,storste_rute,ark,jobber,store_ruter,skript_ganger,skript_rom,tegnet_i_romtest
1,14,Boston Low,"Hovedkostymet på planeten: stå, gå og snakke i 8 retninger, hodet er et eget lag",7,ast4,1,840,840,8,42,45x63,44,44,0,140,1 15 16 19 20 21 23 25 29 31 32 33 34 38 43 44 46 55 57 58 62 63 64 68 73 75 77 82 88 89 90 92 93 94 95 105,15 82
2,18,Maggie Robbins,"Hovedkostymet på planeten: stå, gå og snakke i 8 retninger, hodet er et eget lag",7,ast4,1,690,690,8,51,41x69,37,37,0,60,1 15 19 21 23 38 44 64 77 78 88 89 91 92 95 105,15 92
3,15,Ludger Brink,"Hovedkostymet på planeten: stå, gå og snakke i 8 retninger, hodet er et eget lag",7,ast4,1,644,644,8,21,47x67,33,33,0,77,1 15 19 20 21 23 38 44 57 64 73 77 82 91 105,15 20 82
4,17,Ludger Brink,"Variant: mørkere og skitnere jakke, gråere ansikt. Settes i de samme skriptene som 15 og 16",7,ast4,1,613,613,8,20,49x67,31,31,0,88,1 15 19 20 21 23 38 44 57 64 73 77 82 91 105,
5,16,Ludger Brink,Variant: rift i buksa. Settes i de samme skriptene som 15 og 17,7,ast4,1,730,730,8,29,47x67,37,37,0,80,1 15 19 20 21 23 38 44 57 64 73 77 82 91 105,
6,38,Boston Low,"Stå og snakke, egne hoder",15,canyon,1,22,22,8,5,30x65,2,2,0,10,1 15 23 46 90 93 94 95,
7,47,Maggie Robbins,"Snakking og gester, samme som 19 i et annet rom",15,canyon,1,227,227,8,28,34x64,11,11,0,23,1 15 21 64 78 92 105,
8,55,Boston Low,Graver eller slår med stav,20,grave,1,74,74,8,9,61x62,6,6,0,6,20 21 23 55 63 68,
9,73,Ludger Brink,Egne hoder og kropp,23,nexus,1,136,136,8,29,33x60,7,7,0,8,23 57 82 105,
10,188,Ludger Brink,"Som 17, egne hoder",73,lab,1,48,48,8,9,27x68,3,3,0,14,1 73 105,
11,48,Ludger Brink,Snakking og gester (hoder og overkropp),15,canyon,1,259,259,8,35,32x68,12,12,0,8,15 20 21,20
12,68,Boston Low,Handling (liten figur),23,nexus,1,185,185,8,34,182x73,20,20,0,4,23 25,
13,262,Boston Low og Maggie Robbins,Scene med begge,88,tombot,1,107,107,8,3,41x100,5,5,0,3,58 88,
14,263,Boston Low,Handling,88,tombot,1,38,38,8,3,43x62,2,2,0,3,58 88,
15,204,Maggie Robbins,Handling,75,cliff,1,100,100,8,4,41x64,4,4,0,2,73 75,
16,114,Boston Low,Kryper og reiser seg,32,pool,1,15,15,8,4,26x46,1,1,0,12,32,
17,71,Boston Low,I tau med gnister,23,nexus,5,180,180,8,9,57x83,8,8,0,7,23,
18,52,Boston Low,Handling med gjenstand,19,wreck,1,22,22,8,10,27x65,2,2,0,6,19,
19,137,Ludger Brink,Liten figur,44,nest,1,95,95,8,14,105x147,6,6,0,3,44,
20,104,Boston Low,Handling,32,pool,1,33,33,8,3,28x61,2,2,0,3,32,
21,230,Boston Low og Ludger Brink,Ved døren i rom 82,82,lockup,1,30,30,4,2,80x86,5,5,0,2,82,82
22,178,Boston Low,I tau,68,plandoor,1,285,285,8,10,113x99,41,41,0,2,68,
23,174,Boston Low og Ludger Brink,Brink i grønt lys,64,crevice,1,114,114,8,15,44x67,7,7,0,2,64,
24,58,"Boston Low, Maggie Robbins og Ludger Brink",Scene der Brink ligger,23,nexus,5,96,96,8,3,97x110,8,8,0,2,23,
25,107,Boston Low,Sett bakfra,32,pool,1,51,51,8,3,34x67,2,2,0,2,32,
26,260,Boston Low,Handling,88,tombot,1,23,23,8,2,23x63,1,1,0,2,88,
27,53,"Boston Low, Maggie Robbins og Ludger Brink",Scene med alle tre,19,wreck,5,267,267,8,2,72x68,11,11,0,1,19,
28,126,Boston Low og Ludger Brink,Brink ligger,44,nest,1,166,166,8,9,48x54,5,5,0,1,44,
29,229,Boston Low og Ludger Brink,Med lyn,82,lockup,5,122,122,8,2,198x98,22,22,0,1,82,
30,201,Boston Low,Med krystaller,75,cliff,1,96,96,8,2,201x157,9,9,0,1,75,
31,214,Boston Low og Maggie Robbins,Med skapningen i øyet,78,theeye,5,96,96,8,2,123x96,19,19,0,1,78,
32,199,Boston Low og Maggie Robbins,Maggie ligger,73,lab,5,88,88,8,2,53x43,4,4,0,1,73,
33,173,Ludger Brink,"I grønt lys, sparker",64,crevice,1,83,83,8,10,38x58,5,5,0,1,64,
34,164,Boston Low og Maggie Robbins,Scene med begge,58,tomb,1,78,78,8,3,41x99,4,4,0,1,58,
35,306,Ludger Brink,"Som 305, mørkere",105,backint,1,70,70,8,11,48x54,4,4,0,1,105,
36,151,Boston Low,Bøyd over noe,55,plateau,1,64,64,8,3,64x44,3,3,0,1,55,
37,59,Boston Low,Handling,23,nexus,1,62,62,4,6,30x61,3,3,0,1,23,
38,94,Boston Low,Med verktøy ved en dør,29,trmmuf,1,62,62,8,10,37x55,4,4,0,1,29,
39,72,Boston Low,Handling med gjenstand,23,nexus,1,55,55,8,1,76x69,5,5,0,1,23,
40,213,Boston Low og Maggie Robbins,Med skapningen i øyet,78,theeye,5,53,53,8,2,189x124,19,19,0,1,78,
41,50,Boston Low,I tau,19,wreck,1,52,52,4,3,42x111,4,4,0,1,19,
42,60,Maggie Robbins og Ludger Brink,"Maggie og Brink som ligger, egne hoder",23,nexus,1,44,44,4,7,71x77,3,3,0,1,23,
43,203,Boston Low,Kaster seg og faller,75,cliff,1,40,40,8,4,63x49,2,2,0,1,75,
44,69,Ludger Brink,I grønt lys,23,nexus,1,24,24,8,2,29x67,2,2,0,1,23,
45,99,Boston Low,Dykker,32,pool,1,24,24,8,2,82x36,2,2,0,1,32,
46,138,Ludger Brink,Handling,44,nest,1,20,20,8,4,31x66,2,2,0,1,44,
47,37,Boston Low,Kryper og kneler,15,canyon,1,15,15,8,1,52x34,1,1,0,1,15,
48,70,Maggie Robbins,Handling,23,nexus,1,14,14,8,2,22x64,1,1,0,1,23,
49,98,Boston Low,Handling,31,mudoor,1,12,12,4,2,26x65,1,1,0,1,31,
50,223,Ludger Brink,"Trolig Brink, grå i et annet lys",78,theeye,1,12,12,8,7,21x61,1,1,0,1,78,
51,19,Maggie Robbins,Snakking og gester (hoder og overkropp),7,ast4,1,227,227,8,28,34x64,11,11,0,0,,
52,222,Boston Low og Maggie Robbins,Med skapningen i øyet,78,theeye,5,96,96,8,2,123x96,19,19,0,0,,
53,305,Ludger Brink,Bøyer seg og slår,105,backint,1,68,68,8,11,51x54,4,4,0,0,,
54,221,Boston Low,Vinker,78,theeye,1,16,16,8,5,31x69,2,2,0,0,,
55,1,Boston Low i romdrakt,Romvandring ved asteroiden og i romfergen,2,cockpit,1,307,307,8,30,116x84,22,22,0,8,1 2 5 10 12 88,2 4 5 6 7 8 9
56,3,Ludger Brink i romdrakt,Romvandring ved asteroiden og i romfergen,2,cockpit,1,129,129,8,25,47x64,10,10,0,4,1 2 10 12,2 4 5 6 7 8 9 20
57,2,Maggie Robbins i romdrakt,Romvandring ved asteroiden og i romfergen,2,cockpit,1,116,116,8,25,91x64,9,9,0,4,1 2 10 12,2 4 5 6 7 8 9 20
58,160,,,58,tomb,1,36,36,8,2,209x135,11,11,0,3,55 58 67,
59,150,,,55,plateau,5,120,120,8,4,180x91,7,7,0,5,55 67,
60,181,,,68,plandoor,1,36,36,4,3,50x65,3,3,0,5,65 68,
61,180,,,68,plandoor,1,30,30,4,2,39x11,1,1,0,3,65 68,68
62,267,,,92,library,16,264,264,4,4,59x83,3,3,0,2,92 95,92
63,304,,,103,lander,1,11,11,4,12,30x7,1,1,0,2,103 104,103
64,7,Pig (atomsprengladningen),Sprengladningen som settes på asteroiden,4,ast1,5,241,241,8,5,174x134,9,9,0,2,2 4,
65,20,,,7,ast4,1,12,12,8,4,35x67,1,1,0,2,88 92,
66,176,,,67,sky,1,1,1,8,2,8x7,1,1,0,19,67,67
67,121,,,36,bonepuzz,1,52,52,8,13,97x67,5,5,0,13,36,36
68,196,,,73,lab,5,80,80,8,3,235x135,27,27,0,12,73,
69,209,,,77,worldmap,1,53,53,8,7,24x24,1,1,0,10,77,77
70,35,,,15,canyon,5,240,240,8,13,157x172,47,47,0,9,15,
71,74,,,25,airlock,5,20,20,8,8,56x87,2,2,0,7,25,25
72,163,,,58,tomb,1,2,2,8,4,37x165,1,1,0,7,58,
73,177,,,67,sky,1,1,1,8,2,19x16,1,1,0,5,67,67
74,208,,,77,worldmap,5,766,766,8,8,25x56,6,6,0,5,77,
75,183,,,68,plandoor,1,237,237,8,21,115x58,6,6,0,5,68,
76,258,,,88,tombot,1,95,95,8,7,70x73,8,8,0,5,88,
77,218,,,78,theeye,1,66,66,8,16,87x90,11,11,0,5,78,
78,130,,,44,nest,5,35,35,8,2,157x51,5,5,0,5,44,
79,319,,,50,cuengrav,1,15,15,8,16,74x60,5,5,0,4,50,50
80,101,,,32,pool,1,469,469,8,6,46x52,7,7,0,4,32,
81,272,,,81,trmcathn,1,250,250,8,6,247x124,70,70,0,4,81,
82,270,,,80,trmmapn,5,232,232,8,7,253x171,74,74,0,4,80,
83,268,,,95,trmmun,1,223,223,8,7,252x166,70,70,0,4,95,
84,274,,,83,trmtombn,5,200,200,8,7,251x189,111,111,0,4,83,
85,276,,,94,trmplann,1,191,191,8,7,251x188,103,103,0,4,94,
86,92,,,29,trmmuf,1,130,130,8,7,158x132,26,26,0,4,29,
87,147,,,53,trmtombf,1,112,111,8,7,100x61,4,4,0,4,53,
88,122,,,37,trmmapf,1,76,75,8,7,158x132,20,20,0,4,37,
89,186,,,70,trmcathf,1,73,73,8,7,230x159,27,27,0,4,70,
90,166,,,60,trmplanf,5,72,72,8,7,115x190,21,21,0,4,60,
91,131,,,44,nest,5,63,63,8,3,248x72,14,14,0,4,44,
92,234,,,85,planmach,1,24,24,8,25,158x120,7,7,0,4,85,
93,235,,,85,planmach,1,24,24,8,25,125x104,10,10,0,4,85,
94,236,,,85,planmach,1,24,24,8,25,233x134,7,7,0,4,85,
95,237,,,85,planmach,1,24,24,8,25,212x64,7,7,0,4,85,
96,102,,,32,pool,5,214,214,8,3,194x199,71,71,0,3,32,
97,128,,,44,nest,5,81,81,8,3,133x130,25,25,0,3,44,
98,165,,,59,tombbridg,5,55,55,8,5,98x75,5,5,0,3,59,
99,146,,,51,mapbridg,5,52,52,8,5,96x75,4,4,0,3,51,
100,120,,,35,mubridge,5,49,49,8,4,97x89,5,5,0,3,35,
101,185,,,69,planbridg,5,49,49,8,5,95x81,4,4,0,3,69,
102,207,,,76,cathbrid,5,46,46,8,5,94x91,5,5,0,3,76,
103,135,,,44,nest,5,29,29,8,1,236x103,9,9,0,3,44,
104,325,,,84,turtcu,5,28,28,8,2,127x155,8,8,0,3,32,
105,198,,,73,lab,5,5,5,8,2,22x15,1,1,0,3,73,
106,40,,,15,canyon,1,2,2,8,3,113x71,1,1,0,3,15,
107,169,,,62,waves,1,88,88,4,2,167x176,21,21,0,2,62,62
108,192,,,73,lab,1,50,50,8,2,43x34,2,2,0,2,73,73
109,193,,,73,lab,1,50,50,8,2,67x46,2,2,0,2,73,73
110,247,,,91,eyehub,5,308,308,8,6,256x88,64,64,0,2,91,
111,157,,,57,backdoor,5,123,122,8,2,156x99,17,17,0,2,57,
112,158,,,57,backdoor,1,94,94,8,6,25x40,2,2,0,2,57,
113,129,,,44,nest,5,75,75,8,2,156x134,15,15,0,2,44,
114,125,,,43,fallsour,5,72,72,8,4,230x135,12,12,0,2,43,
115,81,,,27,powerrm,5,59,59,8,3,53x90,3,3,0,2,27,
116,316,,,105,backint,1,55,55,8,2,11x12,1,1,0,2,105,
117,44,,,15,canyon,1,52,52,8,4,62x61,4,4,0,2,23,
118,83,,,27,powerrm,5,39,39,8,3,103x86,3,3,0,2,27,
119,134,,,44,nest,5,37,37,8,2,116x112,9,9,0,2,44,
120,231,,,82,lockup,1,23,23,8,2,29x34,1,1,0,2,82,
121,309,,,105,backint,1,19,19,8,2,29x59,1,1,0,2,105,
122,271,,,80,trmmapn,5,18,18,8,4,70x36,2,2,0,2,80,
123,307,,,105,backint,1,18,18,8,2,34x41,1,1,0,2,105,
124,93,,,29,trmmuf,1,16,16,8,3,31x16,1,1,0,2,29,
125,327,,,45,labcu1,5,16,16,8,2,220x112,10,10,0,2,73,
126,187,,,70,trmcathf,5,15,15,8,4,75x29,1,1,0,2,70,
127,273,,,81,trmcathn,1,14,14,8,3,80x42,1,1,0,2,81,
128,277,,,94,trmplann,1,14,14,8,4,52x28,1,1,0,2,94,
129,161,,,58,tomb,1,12,12,8,3,68x17,1,1,0,2,58,
130,162,,,58,tomb,1,10,10,8,3,64x17,1,1,0,2,58,
131,167,,,60,trmplanf,5,10,10,8,4,49x45,1,1,0,2,60,
132,275,,,83,trmtombn,5,10,10,8,3,81x55,1,1,0,2,83,
133,269,,,95,trmmun,5,9,9,8,3,97x49,1,1,0,2,95,
134,298,,,100,cntlrmcu,1,2,2,8,2,21x162,2,2,0,2,100,
135,299,,,100,cntlrmcu,5,2,2,8,2,21x157,2,2,0,2,100,
136,300,,,100,cntlrmcu,5,1,1,8,2,21x159,1,1,0,2,100,
137,13,,,7,ast4,1,1,1,4,1,13x13,1,1,0,1,1,2 3 9 18 19 21 34 46 58 73 85
138,266,,,92,library,16,247,247,4,3,15x32,2,2,0,1,92,79 92
139,238,,,89,sarcoph,5,303,303,8,2,8x5,1,1,0,1,89,89
140,225,,,79,newton,5,249,249,8,17,142x82,65,65,0,1,79,79
141,303,,,103,lander,1,214,214,8,37,23x15,3,3,0,1,103,103
142,54,,,20,grave,1,190,190,4,5,34x11,2,2,0,1,20,20
143,205,,,75,cliff,1,144,144,8,2,20x17,1,1,0,1,75,75
144,318,,,47,emboss2,5,135,135,8,2,251x193,90,90,0,1,47,47
145,31,,,13,emboss1,5,123,122,8,2,296x162,71,71,0,1,13,13
146,320,,,72,emboss3,5,123,122,8,2,256x160,90,90,0,1,72,72
147,326,,,66,emboss4,5,123,122,8,2,265x163,70,70,0,1,66,66
148,123,,,42,pit,1,111,111,8,2,18x27,1,1,0,1,42,42
149,285,,,96,mulock,5,92,92,8,31,79x73,8,8,0,1,96,96
150,278,,,40,mapcntl,5,90,90,8,31,66x57,8,8,0,1,40,40
151,279,,,40,mapcntl,5,90,90,8,31,69x54,8,8,0,1,40,40
152,280,,,40,mapcntl,5,90,90,8,31,66x57,8,8,0,1,40,40
153,281,,,40,mapcntl,5,90,90,8,31,69x54,8,8,0,1,40,40
154,282,,,96,mulock,5,90,90,8,31,85x73,16,16,0,1,96,96
155,283,,,96,mulock,5,90,90,8,31,87x73,15,15,0,1,96,96
156,284,,,96,mulock,5,90,90,8,31,87x73,16,16,0,1,96,96
157,286,,,97,maplock,5,90,90,8,31,86x72,16,16,0,1,97,97
158,287,,,97,maplock,5,90,90,8,31,87x72,15,15,0,1,97,97
159,288,,,97,maplock,5,90,90,8,31,87x72,15,15,0,1,97,97
160,289,,,97,maplock,5,90,90,8,31,82x72,16,16,0,1,97,97
161,290,,,98,planlock,5,90,90,8,31,84x76,15,15,0,1,98,98
162,291,,,98,planlock,5,90,90,8,31,88x76,15,15,0,1,98,98
163,292,,,98,planlock,5,90,90,8,31,85x74,15,15,0,1,98,98
164,293,,,98,planlock,5,90,90,8,31,85x74,9,9,0,1,98,98
165,295,,,99,tomblock,5,90,90,8,31,84x70,15,15,0,1,99,99
166,296,,,99,tomblock,5,90,90,8,31,84x70,15,15,0,1,99,99
167,297,,,99,tomblock,5,90,90,8,31,84x70,15,15,0,1,99,99
168,294,,,99,tomblock,5,89,89,8,31,79x70,14,14,0,1,99,99
169,116,,,32,pool,1,88,88,8,2,14x5,1,1,0,1,32,32
170,43,,,15,canyon,1,78,78,8,15,39x69,5,5,0,1,15,15
171,21,,,8,ast5,5,70,70,8,2,127x40,2,2,0,1,8,8
172,136,,,44,nest,1,70,70,8,2,36x15,1,1,0,1,44,44
173,42,,,15,canyon,1,38,38,8,13,39x67,3,3,0,1,15,15
174,86,,,27,powerrm,1,36,36,8,2,256x200,17,17,0,1,27,27
175,84,,,27,powerrm,1,34,34,8,2,110x123,9,9,0,1,27,27
176,10,,,6,ast3,1,31,31,8,2,92x107,4,4,0,1,6,6
177,87,,,27,powerrm,1,31,31,8,2,256x200,17,17,0,1,27,27
178,56,,,20,grave,1,29,29,8,6,3x2,1,1,0,1,20,20
179,6,,,3,klein,1,24,24,8,2,19x23,1,1,0,1,3,3
180,240,,,91,eyehub,5,24,24,8,2,190x148,24,24,0,1,91,91
181,301,,,101,wavesbot,1,24,24,8,2,166x200,13,13,0,1,101,101
182,210,,,78,theeye,5,20,20,8,3,224x200,20,20,0,1,78,78
183,315,,,105,backint,1,20,20,8,3,13x10,1,1,0,1,105,105
184,85,,,27,powerrm,1,18,18,8,2,126x122,9,9,0,1,27,27
185,41,,,15,canyon,1,16,16,8,9,31x70,2,2,0,1,15,15
186,179,,,68,plandoor,1,14,14,8,2,69x104,1,1,0,1,68,68
187,233,,,85,planmach,1,8,8,8,9,75x99,3,3,0,1,85,85
188,39,,,15,canyon,1,2,2,8,6,12x10,1,1,0,1,15,15
189,75,,,25,airlock,1,2,2,8,2,95x44,1,1,0,1,25,25
190,119,,,34,museum,5,1,1,4,2,468x122,1,2,1,1,34,34
191,256,,,88,tombot,1,1,1,4,2,176x78,1,1,0,1,88,88
192,51,,,19,wreck,5,497,497,8,1,162x103,28,28,0,1,19,
193,115,,,32,pool,5,220,220,8,2,182x111,11,11,0,1,32,
194,32,,,15,canyon,5,204,204,8,1,255x130,16,16,0,1,15,
195,224,,,79,newton,5,197,197,8,17,142x81,52,52,0,1,79,
196,5,,,2,cockpit,5,195,195,8,2,166x124,61,61,0,1,2,
197,77,,,26,cntlroom,1,181,181,8,3,95x55,6,6,0,1,26,
198,118,,,33,skeleton,16,181,181,4,3,95x55,6,6,0,1,33,
199,95,,,30,connect,16,180,180,4,7,64x89,4,4,0,1,30,
200,194,,,73,lab,5,173,173,8,2,124x73,8,8,0,1,73,
201,195,,,73,lab,5,168,168,8,2,124x73,10,10,0,1,73,
202,252,,,91,eyehub,5,161,161,8,6,72x51,11,11,0,1,91,
203,264,,,88,tombot,5,159,159,8,2,60x49,2,2,0,1,88,
204,113,,,32,pool,5,149,149,8,2,47x43,5,5,0,1,32,
205,100,,,32,pool,1,139,139,8,2,22x58,2,2,0,1,32,
206,251,,,91,eyehub,1,137,137,8,6,19x17,1,1,0,1,91,
207,34,,,15,canyon,1,130,130,8,5,76x74,8,8,0,1,15,
208,22,Ludger Brink i romdrakt,Romdrakt i tunnelen (samme ruter og mål som kostyme 3),10,tun1,1,129,129,8,25,47x64,10,10,0,1,10,
209,140,,,48,mapdome,5,126,126,8,1,188x129,83,83,0,1,40,
210,142,,,48,mapdome,5,125,125,8,1,189x129,84,84,0,1,40,
211,143,,,48,mapdome,5,125,125,8,1,189x129,84,84,0,1,40,
212,4,,,2,cockpit,5,116,116,8,2,167x110,24,24,0,1,2,
213,23,Maggie Robbins i romdrakt,Romdrakt i tunnelen (samme ruter og mål som kostyme 2),10,tun1,1,116,116,8,25,91x64,9,9,0,1,10,
214,106,,,32,pool,5,112,112,8,2,148x156,8,8,0,1,32,
215,156,,,57,backdoor,1,112,112,8,4,10x12,1,1,0,1,57,
216,228,,,79,newton,5,109,109,8,3,110x90,22,22,0,1,79,
217,65,,,23,nexus,5,108,108,4,1,89x98,10,10,0,1,98,
218,227,,,79,newton,5,108,108,8,8,139x79,28,28,0,1,79,
219,250,,,91,eyehub,1,108,108,8,6,35x14,2,2,0,1,91,
220,302,,,101,wavesbot,1,103,103,4,2,9x15,1,1,0,1,62,
221,110,,,32,pool,5,95,95,8,2,52x30,3,3,0,1,32,
222,111,,,32,pool,5,95,95,8,2,54x29,3,3,0,1,32,
223,112,,,32,pool,5,95,95,8,2,52x30,3,3,0,1,32,
224,257,,,88,tombot,5,95,95,4,2,205x137,33,33,0,1,88,
225,109,,,32,pool,5,94,94,8,2,52x30,3,3,0,1,32,
226,172,,,62,waves,1,93,93,8,2,126x92,3,3,0,1,62,
227,64,,,23,nexus,5,92,92,4,1,93x99,6,6,0,1,99,
228,144,,,48,mapdome,5,87,87,8,2,189x129,54,54,0,1,40,
229,145,,,49,mapdoor,5,83,83,8,4,177x86,6,6,0,1,49,
230,321,,,46,cusarc,1,81,81,8,11,87x93,12,12,0,1,46,
231,127,,,44,nest,5,79,79,8,10,117x102,19,19,0,1,44,
232,29,,,10,tun1,5,77,77,4,2,219x129,20,20,0,1,10,
233,141,,,48,mapdome,5,77,77,8,1,185x129,45,45,0,1,40,
234,108,,,32,pool,5,76,76,8,2,60x31,3,3,0,1,32,
235,314,,,105,backint,5,74,74,4,5,64x85,7,7,0,1,105,
236,8,Mannskapet i romdrakt,Romvandring ved asteroiden og i romfergen,5,ast2,1,73,73,8,7,85x70,4,4,0,1,5,
237,79,,,27,powerrm,5,72,72,8,3,17x53,2,2,0,1,27,
238,96,,,31,mudoor,16,68,68,4,2,140x134,6,6,0,1,31,
239,67,,,23,nexus,1,67,66,8,7,70x27,3,3,0,1,23,
240,133,,,44,nest,5,66,66,8,3,118x118,19,19,0,1,44,
241,154,,,57,backdoor,1,65,65,8,2,50x56,2,2,0,1,57,
242,253,,,91,eyehub,5,64,64,8,2,256x178,32,32,0,1,91,
243,170,,,62,waves,1,62,62,4,1,167x176,11,11,0,1,62,
244,226,,,79,newton,5,62,62,8,4,142x82,16,16,0,1,79,
245,254,,,91,eyehub,5,62,62,8,2,256x178,32,32,0,1,91,
246,190,,,73,lab,1,60,60,8,2,37x42,2,2,0,1,73,
247,249,,,91,eyehub,1,60,60,8,2,73x36,2,2,0,1,91,
248,132,,,44,nest,5,59,59,8,2,180x127,26,26,0,1,44,
249,330,,,111,labcu3,5,59,59,8,2,320x180,58,58,0,1,73,
250,202,,,75,cliff,1,58,58,8,6,85x59,6,6,0,1,75,
251,61,,,23,nexus,5,54,54,4,2,49x25,1,1,0,1,23,
252,66,,,23,nexus,5,53,53,4,1,78x82,6,6,0,1,90,
253,331,,,111,labcu3,5,52,52,8,2,320x182,49,49,0,1,73,
254,97,,,31,mudoor,5,51,51,8,4,143x67,4,4,0,1,31,
255,200,,,75,cliff,5,51,51,8,2,135x20,1,1,0,1,75,
256,28,,,10,tun1,1,50,50,8,2,87x87,9,9,0,1,10,
257,216,,,78,theeye,5,48,48,8,3,256x200,27,27,0,1,78,
258,220,,,78,theeye,5,48,48,8,3,224x182,8,8,0,1,78,
259,63,,,23,nexus,5,47,47,4,1,87x80,6,6,0,1,97,
260,189,,,73,lab,1,47,47,8,2,43x51,2,2,0,1,73,
261,76,,,26,cntlroom,5,46,46,8,1,239x108,22,22,0,1,26,
262,80,,,27,powerrm,5,46,46,8,3,52x72,2,2,0,1,27,
263,33,,,15,canyon,1,44,44,8,2,46x70,3,3,0,1,15,
264,197,,,73,lab,1,44,44,8,2,53x32,1,1,0,1,73,
265,239,,,91,eyehub,1,44,44,8,4,63x58,5,5,0,1,91,
266,248,,,91,eyehub,1,44,44,8,2,56x28,1,1,0,1,91,
267,57,,,20,grave,1,43,43,8,2,28x64,2,2,0,1,20,
268,103,,,32,pool,1,43,43,8,2,28x64,2,2,0,1,32,
269,232,,,82,lockup,1,43,43,8,2,52x27,2,2,0,1,82,
270,117,,,33,skeleton,1,42,42,4,2,75x34,1,1,0,1,33,
271,261,,,88,tombot,1,41,41,8,2,39x64,2,2,0,1,88,
272,30,,,11,mapbase,5,39,39,8,2,185x84,4,4,0,1,11,
273,312,,,105,backint,1,39,39,8,2,29x59,2,2,0,1,105,
274,329,,,111,labcu3,1,39,39,8,2,149x193,15,15,0,1,73,
275,105,,,32,pool,1,38,38,8,2,88x127,1,1,0,1,32,
276,124,,,43,fallsour,5,38,38,8,2,230x185,12,12,0,1,43,
277,62,,,23,nexus,5,36,36,4,1,80x80,5,5,0,1,96,
278,211,,,78,theeye,5,36,36,8,2,256x200,4,4,0,1,78,
279,171,,,62,waves,1,35,35,4,2,34x54,2,2,0,1,62,
280,90,,,27,powerrm,1,34,34,8,2,256x200,17,17,0,1,27,
281,259,,,88,tombot,1,34,33,4,2,80x45,2,2,0,1,88,
282,175,,,65,dome,5,32,32,8,2,256x145,6,6,0,1,65,
283,243,,,91,eyehub,5,32,32,8,2,200x145,32,32,0,1,91,
284,244,,,91,eyehub,5,32,32,8,2,200x144,32,32,0,1,91,
285,26,,,10,tun1,1,31,31,8,2,81x89,2,2,0,1,10,
286,91,,,27,powerrm,1,31,31,8,2,256x200,17,17,0,1,27,
287,159,,,58,tomb,1,31,31,8,3,163x106,6,6,0,1,58,
288,322,,,46,cusarc,5,30,30,8,2,256x194,20,20,0,1,46,
289,139,,,44,nest,5,29,29,8,2,115x121,10,10,0,1,44,
290,184,,,68,plandoor,1,28,28,8,3,40x16,1,1,0,1,68,
291,323,,,46,cusarc,5,28,28,8,2,252x151,16,16,0,1,46,
292,215,,,78,theeye,1,27,27,8,2,22x62,2,2,0,1,78,
293,310,,,105,backint,1,27,27,8,2,29x59,2,2,0,1,105,
294,241,,,91,eyehub,5,25,25,8,2,190x148,25,25,0,1,91,
295,242,,,91,eyehub,5,25,25,8,2,190x148,25,25,0,1,91,
296,255,,,88,tombot,5,25,25,8,2,50x65,2,2,0,1,88,
297,45,,,15,canyon,1,24,24,8,2,36x65,2,2,0,1,23,
298,82,,,27,powerrm,1,24,23,8,3,17x37,1,1,0,1,27,
299,206,,,75,cliff,1,24,24,8,3,58x29,1,1,0,1,75,
300,152,,,56,sparkle,5,22,22,8,4,120x70,4,4,0,1,56,
301,168,,,61,planclear,5,21,21,8,4,44x35,1,1,0,1,61,
302,212,,,78,theeye,5,21,21,8,2,205x183,4,4,0,1,78,
303,219,,,78,theeye,5,21,21,8,3,206x183,5,5,0,1,78,
304,24,,,10,tun1,1,19,19,8,2,41x33,1,1,0,1,10,
305,88,,,27,powerrm,1,19,19,8,2,136x134,9,9,0,1,27,
306,25,,,10,tun1,1,18,18,8,2,73x49,1,1,0,1,10,
307,27,,,10,tun1,1,18,18,8,2,46x32,1,1,0,1,10,
308,155,,,57,backdoor,1,18,18,4,2,10x33,1,1,0,1,57,
309,9,,,5,ast2,5,17,17,8,2,43x30,1,1,0,1,5,
310,78,,,27,powerrm,1,17,17,8,3,39x24,1,1,0,1,27,
311,89,,,27,powerrm,1,17,17,8,2,145x131,9,9,0,1,27,
312,46,,,15,canyon,1,15,15,8,2,37x68,1,1,0,1,23,
313,308,,,105,backint,1,13,13,8,2,26x37,1,1,0,1,105,
314,11,,,6,ast3,5,11,11,8,2,58x48,1,1,0,1,6,
315,324,,,46,cusarc,1,8,8,8,1,28x8,1,1,0,1,46,
316,153,,,57,backdoor,1,6,6,4,1,10x33,1,1,0,1,57,
317,265,,,92,library,1,2,2,4,2,229x200,1,1,0,1,92,
318,12,,,7,ast4,1,1,1,8,1,35x6,1,1,0,1,1,
319,49,,,16,inside,1,1,1,8,2,3x142,1,1,0,1,16,
320,148,,,55,plateau,1,1,1,8,2,32x31,1,1,0,1,55,
321,149,,,55,plateau,1,1,1,8,2,21x18,1,1,0,1,55,
322,191,,,73,lab,1,100,100,8,5,67x46,4,4,0,0,,
323,217,,,78,theeye,5,48,48,8,3,256x200,27,27,0,0,,
324,328,,,87,labcu2,1,39,39,8,2,149x193,15,15,0,0,,
325,245,,,91,eyehub,5,33,33,8,2,200x140,32,32,0,0,,
326,246,,,91,eyehub,5,31,31,8,2,189x148,31,31,0,0,,
327,311,,,105,backint,1,26,26,4,2,34x41,1,1,0,0,,
328,182,,,68,plandoor,1,20,20,8,2,82x54,1,1,0,0,,
329,36,,,15,canyon,1,19,19,8,6,22x22,1,1,0,0,,
330,313,,,105,backint,1,14,14,4,2,26x39,1,1,0,0,,
331,317,,,107,powercu,1,2,2,8,2,64x9,1,1,0,0,,
