rom,navn,notat
2,cockpit,"Space scene with the shuttle and the asteroid. Keep every star, the sun and the asteroid exactly where they are. Do not add stars, planets or nebulae."
13,emboss1,"Plain wall used behind engraved objects that the game draws on top. Only add subtle surface texture. No marks, symbols or carvings."
47,emboss2,"Plain wall used behind engraved objects that the game draws on top. Only add subtle surface texture. No marks, symbols or carvings."
72,emboss3,"Plain wall used behind engraved objects that the game draws on top. Only add subtle surface texture. No marks, symbols or carvings."
66,emboss4,"Plain wall used behind engraved objects that the game draws on top. Only add subtle surface texture. No marks, symbols or carvings."
28,shardcu,"Close-up of hands holding an engraved plate. Every engraved line, symbol and diagram is a puzzle clue: copy each one exactly in shape and position. Keep the finger positions and outlines of the hands."
40,mapcntl,"Empty panel. The game draws objects on top of it. Keep it empty: no symbols, buttons or marks."
45,labcu1,"The bright green crystal shapes must keep their exact outlines, size and color."
50,cuengrav,"Close-up of a hand holding a red rod. Keep the finger positions and the outline of the rod exactly."
74,labpanel,"The bright green crystal shapes must keep their exact outlines, size and color."
77,worldmap,"Map of the island. Keep each spire, rock and the island outline exactly where they are. These positions are used in the game."
85,planmach,"Frame around a dark textured field. Keep the frame shape exactly. The field may get finer texture but no new shapes."
87,labcu2,"The bright green crystal shapes must keep their exact outlines, size and color."
102,cuspark,"The carvings on the wall are puzzle clues. Copy every carved symbol exactly in shape and position."
107,powercu,"Panel with raised outlines. Keep every line and every shape exactly as drawn. The shapes are part of a puzzle."
109,labcu,"The small green crystals in the center must keep their exact outlines and color."
111,labcu3,"The bright green crystal shapes must keep their exact outlines, size and color."
obj241,shardcu,"Engraved plate lying on cloth, seen without hands. Every engraved line, symbol and diagram is a puzzle clue: copy each one exactly in shape and position. Do not add hands or fingers."
obj547,newton,"Hand holding a small pen computer. Keep the screen plain, flat and empty: the game draws on it. Keep the finger positions and the outline of the device exactly."
obj097,mapbase,"The small green marks are map markers used in the game. Keep each one exactly in shape, color and position."
lag079,newton,"Hand holding a small pen computer. The pictures, text and buttons on the screen are drawn by the game: copy each one exactly in shape and position, and copy any text letter by letter. Keep the rest of the screen plain. Keep the finger positions and the outline of the device exactly."
lag085,planmach,"Frame around a dark textured field with round crystals lying on it. Copy every crystal exactly in outline, size, color and position. Keep the frame shape exactly. The field may get finer texture but no new shapes."
fig001,boston-romdrakt,"This is Boston Low in his spacesuit: a man in his fifties with a square jaw and short hair grey at the temples, the same face as on the Boston Low sheets (costume 14). Not a woman. Keep every cel the same size and outline as the original."
fig002,maggie-romdrakt,This is Maggie Robbins in her spacesuit: a woman with her own face and hair as on the Maggie Robbins sheets (costume 18). She must not look like Boston or Brink. Keep every cel the same size and outline as the original.
fig003,brink-romdrakt,"This is Ludger Brink in his spacesuit: a man, older than Boston, with the face and hair of the Ludger Brink sheets (costume 15). Not a woman. Keep every cel the same size and outline as the original."
fig022,brink-romdrakt,This is Ludger Brink in his spacesuit (same as costume 3): a man with the face and hair of the Ludger Brink sheets (costume 15). Not a woman.
fig023,maggie-romdrakt,"This is Maggie Robbins in her spacesuit (same as costume 2), with her own face and hair as on the Maggie Robbins sheets (costume 18)."
fig007,pig,"This is the Pig, the cylindrical nuclear explosive device (an object, not an animal). Copy its exact shape, proportions, angle and colours from the original: the dark rounded end, the panels, the small red and green lights and the bands. Do not add an opening, barrel or new parts."
