rom,navn,bredde,hoyde,z_plan,paletter,objektbilder,bredde_x4,hoyde_x4,prioritet,status,notat
1,logo,320,200,nei,1,0,1280,800,,ikke startet,
2,cockpit,976,200,ja,1,3,3904,800,,ikke startet,
3,klein,320,200,ja,1,1,1280,800,,ikke startet,
4,ast1,320,200,nei,1,1,1280,800,,ikke startet,
5,ast2,320,200,nei,1,3,1280,800,,ikke startet,
6,ast3,320,200,nei,1,2,1280,800,,ikke startet,
7,ast4,320,200,nei,1,0,1280,800,,ikke startet,
8,ast5,320,200,ja,1,0,1280,800,,ikke startet,
9,core,320,200,ja,1,0,1280,800,,pilot-kandidat,KI-bakgrunn kjørt i motoren; manuell masketest gjenstår
10,tun1,320,399,ja,2,8,1280,1596,,ikke startet,
11,mapbase,320,200,ja,1,3,1280,800,,ikke startet,
12,coreped,320,200,nei,1,4,1280,800,,ikke startet,
13,emboss1,320,200,nei,1,0,1280,800,,ikke startet,
14,squares,320,200,nei,1,4,1280,800,,ikke startet,
15,canyon,320,528,ja,3,6,1280,2112,,ikke startet,
16,inside,320,200,nei,1,0,1280,800,,ikke startet,
17,pig,320,200,nei,1,5,1280,800,,ikke startet,
18,derelict,600,200,ja,1,0,2400,800,,ikke startet,
19,wreck,320,200,ja,2,6,1280,800,,ikke startet,
20,grave,320,200,ja,2,7,1280,800,,ikke startet,
21,botramp,320,200,ja,1,2,1280,800,,ikke startet,
22,beach,320,200,ja,1,2,1280,800,,pilot-kandidat,KI-bakgrunn kjørt i motoren; fargesykling beholdt; objektbytte gjenstår
23,nexus,1808,200,ja,4,29,7232,800,,ikke startet,
24,view,320,200,ja,1,2,1280,800,,ikke startet,
25,airlock,736,200,ja,1,3,2944,800,,ikke startet,
26,cntlroom,736,200,ja,1,7,2944,800,,ikke startet,
27,powerrm,512,780,ja,4,6,2048,3120,,ikke startet,
28,shardcu,320,200,nei,1,1,1280,800,,ikke startet,
29,trmmuf,400,200,ja,1,5,1600,800,,ikke startet,
30,connect,424,200,ja,1,0,1696,800,,ikke startet,
31,mudoor,320,200,ja,2,4,1280,800,,ikke startet,
32,pool,320,200,ja,4,7,1280,800,,ikke startet,
33,skeleton,672,200,ja,2,0,2688,800,,ikke startet,
34,museum,544,200,ja,1,4,2176,800,,ikke startet,
35,mubridge,320,200,nei,1,6,1280,800,,ikke startet,
36,bonepuzz,320,200,nei,1,0,1280,800,,ikke startet,
37,trmmapf,320,200,ja,1,3,1280,800,,ikke startet,
38,ledge,320,200,ja,1,0,1280,800,,ikke startet,
39,batdoor,520,200,ja,1,0,2080,800,,ikke startet,
40,mapcntl,320,200,nei,1,0,1280,800,,ikke startet,
41,falls,320,200,ja,2,1,1280,800,,ikke startet,
42,pit,320,200,ja,1,0,1280,800,,ikke startet,
43,fallsour,320,200,ja,1,3,1280,800,,ikke startet,
44,nest,504,200,ja,1,4,2016,800,,ikke startet,
45,labcu1,320,200,nei,1,0,1280,800,,ikke startet,
46,cusarc,320,200,nei,1,3,1280,800,,ikke startet,
47,emboss2,320,200,nei,1,0,1280,800,,ikke startet,
48,mapdome,448,200,ja,6,0,1792,800,,ikke startet,
49,mapdoor,320,200,ja,1,4,1280,800,,ikke startet,
50,cuengrav,320,200,nei,5,3,1280,800,,ikke startet,
51,mapbridg,320,200,nei,1,6,1280,800,,ikke startet,
52,edge,352,230,nei,1,0,1408,920,,ikke startet,
53,trmtombf,320,200,ja,1,2,1280,800,,ikke startet,
54,tombbase,320,200,ja,1,0,1280,800,,ikke startet,
55,plateau,320,240,ja,1,4,1280,960,,ikke startet,
56,sparkle,320,200,ja,1,4,1280,800,,ikke startet,
57,backdoor,320,200,ja,1,2,1280,800,,ikke startet,
58,tomb,320,200,ja,1,16,1280,800,,ikke startet,
59,tombbridg,320,200,nei,1,6,1280,800,,ikke startet,
60,trmplanf,320,200,ja,1,4,1280,800,,ikke startet,
61,planclear,416,200,ja,1,4,1664,800,,ikke startet,
62,waves,320,200,ja,1,4,1280,800,,ikke startet,
63,cave,320,200,ja,1,2,1280,800,,ikke startet,
64,crevice,320,200,ja,1,1,1280,800,,ikke startet,
65,dome,320,200,ja,1,9,1280,800,,ikke startet,
66,emboss4,320,200,nei,1,0,1280,800,,ikke startet,
67,sky,320,200,nei,1,1,1280,800,,ikke startet,
68,plandoor,640,200,ja,5,15,2560,800,,ikke startet,
69,planbridg,320,200,nei,1,6,1280,800,,ikke startet,
70,trmcathf,320,200,ja,1,4,1280,800,,ikke startet,
71,bonehint,320,200,nei,1,0,1280,800,,ikke startet,
72,emboss3,320,200,nei,1,0,1280,800,,ikke startet,
73,lab,320,425,ja,5,9,1280,1700,,ikke startet,
74,labpanel,320,200,nei,1,3,1280,800,,ikke startet,
75,cliff,640,200,ja,2,1,2560,800,,ikke startet,
76,cathbrid,320,200,nei,1,6,1280,800,,ikke startet,
77,worldmap,320,200,ja,1,7,1280,800,,ikke startet,
78,theeye,320,200,nei,1,0,1280,800,,ikke startet,
79,newton,320,200,nei,3,21,1280,800,,ikke startet,
80,trmmapn,840,200,ja,1,5,3360,800,,ikke startet,
81,trmcathn,776,200,ja,1,4,3104,800,,ikke startet,
82,lockup,320,200,ja,2,3,1280,800,,ikke startet,
83,trmtombn,840,200,ja,1,4,3360,800,,ikke startet,
84,turtcu,320,200,nei,1,0,1280,800,,ikke startet,
85,planmach,320,240,nei,4,64,1280,960,,ikke startet,
86,blanker,320,200,nei,1,0,1280,800,,ikke startet,
87,labcu2,320,200,nei,1,0,1280,800,,ikke startet,
88,tombot,800,500,ja,2,6,3200,2000,,ikke startet,
89,sarcoph,440,200,ja,1,2,1760,800,,ikke startet,
90,cathplat,320,200,nei,1,8,1280,800,,ikke startet,
91,eyehub,320,200,nei,2,0,1280,800,,ikke startet,
92,library,400,200,ja,1,4,1600,800,,ikke startet,
93,icons,40,200,nei,1,145,160,800,,ikke startet,
94,trmplann,840,200,ja,1,4,3360,800,,ikke startet,
95,trmmun,840,200,ja,1,4,3360,800,,ikke startet,
96,mulock,320,200,nei,1,0,1280,800,,ikke startet,
97,maplock,320,200,nei,1,0,1280,800,,ikke startet,
98,planlock,320,200,nei,1,0,1280,800,,ikke startet,
99,tomblock,320,200,nei,1,0,1280,800,,ikke startet,
100,cntlrmcu,320,200,ja,1,77,1280,800,,ikke startet,
101,wavesbot,320,200,ja,1,0,1280,800,,ikke startet,
102,cuspark,320,200,nei,1,0,1280,800,,ikke startet,
103,lander,320,400,nei,1,0,1280,1600,,ikke startet,
104,landercu,1616,450,nei,1,0,6464,1800,,ikke startet,
105,backint,640,296,ja,1,8,2560,1184,,ikke startet,
106,title,320,200,nei,3,0,1280,800,,ikke startet,
107,powercu,320,200,nei,1,13,1280,800,,ikke startet,
108,lockupcu,320,200,nei,1,0,1280,800,,ikke startet,
109,labcu,320,200,nei,1,2,1280,800,,ikke startet,
110,credits,320,200,nei,1,0,1280,800,,ikke startet,
111,labcu3,320,200,nei,1,0,1280,800,,ikke startet,
